date,product_id,closing_stock,stockout_flag,reorder_triggered,supplier_id,lead_time_days
01/01/2024,P001,585,0,0,S001,14
02/01/2024,P001,571,0,0,S001,14
03/01/2024,P001,557,0,0,S001,14
04/01/2024,P001,545,0,0,S001,14
05/01/2024,P001,526,0,0,S001,14
06/01/2024,P001,502,0,0,S001,14
07/01/2024,P001,477,0,0,S001,14
08/01/2024,P001,460,0,0,S001,14
09/01/2024,P001,442,0,0,S001,14
10/01/2024,P001,421,0,0,S001,14
11/01/2024,P001,408,0,0,S001,14
12/01/2024,P001,385,0,0,S001,14
13/01/2024,P001,365,0,0,S001,14
14/01/2024,P001,336,0,0,S001,14
15/01/2024,P001,319,0,0,S001,14
16/01/2024,P001,302,0,0,S001,14
17/01/2024,P001,285,0,0,S001,14
18/01/2024,P001,272,0,0,S001,14
19/01/2024,P001,265,0,0,S001,14
20/01/2024,P001,245,0,0,S001,14
21/01/2024,P001,232,0,0,S001,14
22/01/2024,P001,216,0,0,S001,14
23/01/2024,P001,208,0,0,S001,14
24/01/2024,P001,199,0,0,S001,14
25/01/2024,P001,183,0,0,S001,14
26/01/2024,P001,161,0,0,S001,14
27/01/2024,P001,140,0,0,S001,14
28/01/2024,P001,120,0,0,S001,14
29/01/2024,P001,101,0,0,S001,14
30/01/2024,P001,81,0,0,S001,14
31/01/2024,P001,68,0,0,S001,14
01/02/2024,P001,47,0,0,S001,14
02/02/2024,P001,24,0,0,S001,14
03/02/2024,P001,4,0,0,S001,14
04/02/2024,P001,0,1,0,S001,14
05/02/2024,P001,0,1,0,S001,14
06/02/2024,P001,0,1,0,S001,14
07/02/2024,P001,0,1,0,S001,14
08/02/2024,P001,0,1,0,S001,14
09/02/2024,P001,0,1,0,S001,14
10/02/2024,P001,368,0,0,S001,14
11/02/2024,P001,339,0,0,S001,14
12/02/2024,P001,319,0,0,S001,14
13/02/2024,P001,299,0,0,S001,14
14/02/2024,P001,280,0,0,S001,14
15/02/2024,P001,261,0,0,S001,14
16/02/2024,P001,247,0,0,S001,14
17/02/2024,P001,224,0,0,S001,14
18/02/2024,P001,207,0,0,S001,14
19/02/2024,P001,193,0,0,S001,14
20/02/2024,P001,165,0,0,S001,14
21/02/2024,P001,139,0,0,S001,14
22/02/2024,P001,113,0,0,S001,14
23/02/2024,P001,98,0,0,S001,14
24/02/2024,P001,76,0,0,S001,14
25/02/2024,P001,47,0,0,S001,14
26/02/2024,P001,21,0,0,S001,14
27/02/2024,P001,0,1,0,S001,14
28/02/2024,P001,0,1,0,S001,14
29/02/2024,P001,0,1,0,S001,14
01/03/2024,P001,0,1,0,S001,14
02/03/2024,P001,0,1,0,S001,14
03/03/2024,P001,0,1,0,S001,14
04/03/2024,P001,0,1,0,S001,14
05/03/2024,P001,0,1,0,S001,14
06/03/2024,P001,382,0,0,S001,14
07/03/2024,P001,357,0,0,S001,14
08/03/2024,P001,334,0,0,S001,14
09/03/2024,P001,305,0,0,S001,14
10/03/2024,P001,277,0,0,S001,14
11/03/2024,P001,259,0,0,S001,14
12/03/2024,P001,240,0,0,S001,14
13/03/2024,P001,210,0,0,S001,14
14/03/2024,P001,194,0,0,S001,14
15/03/2024,P001,177,0,0,S001,14
16/03/2024,P001,148,0,0,S001,14
17/03/2024,P001,125,0,0,S001,14
18/03/2024,P001,102,0,0,S001,14
19/03/2024,P001,78,0,0,S001,14
20/03/2024,P001,63,0,0,S001,14
21/03/2024,P001,39,0,0,S001,14
22/03/2024,P001,19,0,0,S001,14
23/03/2024,P001,0,1,0,S001,14
24/03/2024,P001,0,1,0,S001,14
25/03/2024,P001,0,1,0,S001,14
26/03/2024,P001,0,1,0,S001,14
27/03/2024,P001,0,1,0,S001,14
28/03/2024,P001,0,1,0,S001,14
29/03/2024,P001,0,1,0,S001,14
30/03/2024,P001,368,0,0,S001,14
31/03/2024,P001,337,0,0,S001,14
01/04/2024,P001,316,0,0,S001,14
02/04/2024,P001,292,0,0,S001,14
03/04/2024,P001,261,0,0,S001,14
04/04/2024,P001,230,0,0,S001,14
05/04/2024,P001,205,0,0,S001,14
06/04/2024,P001,183,0,0,S001,14
07/04/2024,P001,159,0,0,S001,14
08/04/2024,P001,144,0,0,S001,14
09/04/2024,P001,115,0,0,S001,14
10/04/2024,P001,99,0,0,S001,14
11/04/2024,P001,77,0,0,S001,14
12/04/2024,P001,58,0,0,S001,14
13/04/2024,P001,21,0,0,S001,14
14/04/2024,P001,1,0,0,S001,14
15/04/2024,P001,0,1,0,S001,14
16/04/2024,P001,0,1,0,S001,14
17/04/2024,P001,0,1,0,S001,14
18/04/2024,P001,0,1,0,S001,14
19/04/2024,P001,0,1,0,S001,14
20/04/2024,P001,0,1,0,S001,14
21/04/2024,P001,0,1,0,S001,14
22/04/2024,P001,380,0,0,S001,14
23/04/2024,P001,360,0,0,S001,14
24/04/2024,P001,333,0,0,S001,14
25/04/2024,P001,317,0,0,S001,14
26/04/2024,P001,291,0,0,S001,14
27/04/2024,P001,280,0,0,S001,14
28/04/2024,P001,245,0,0,S001,14
29/04/2024,P001,220,0,0,S001,14
30/04/2024,P001,202,0,0,S001,14
01/05/2024,P001,180,0,0,S001,14
02/05/2024,P001,155,0,0,S001,14
03/05/2024,P001,131,0,0,S001,14
04/05/2024,P001,101,0,0,S001,14
05/05/2024,P001,72,0,0,S001,14
06/05/2024,P001,43,0,0,S001,14
07/05/2024,P001,18,0,0,S001,14
08/05/2024,P001,0,1,0,S001,14
09/05/2024,P001,0,1,0,S001,14
10/05/2024,P001,0,1,0,S001,14
11/05/2024,P001,0,1,0,S001,14
12/05/2024,P001,0,1,0,S001,14
13/05/2024,P001,0,1,0,S001,14
14/05/2024,P001,0,1,0,S001,14
15/05/2024,P001,0,1,0,S001,14
16/05/2024,P001,0,1,0,S001,14
17/05/2024,P001,369,0,0,S001,14
18/05/2024,P001,338,0,0,S001,14
19/05/2024,P001,301,0,0,S001,14
20/05/2024,P001,273,0,0,S001,14
21/05/2024,P001,251,0,0,S001,14
22/05/2024,P001,228,0,0,S001,14
23/05/2024,P001,207,0,0,S001,14
24/05/2024,P001,184,0,0,S001,14
25/05/2024,P001,152,0,0,S001,14
26/05/2024,P001,123,0,0,S001,14
27/05/2024,P001,102,0,0,S001,14
28/05/2024,P001,81,0,0,S001,14
29/05/2024,P001,59,0,0,S001,14
30/05/2024,P001,30,0,0,S001,14
31/05/2024,P001,6,0,0,S001,14
01/06/2024,P001,0,1,0,S001,14
02/06/2024,P001,0,1,0,S001,14
03/06/2024,P001,0,1,0,S001,14
04/06/2024,P001,0,1,0,S001,14
05/06/2024,P001,0,1,0,S001,14
06/06/2024,P001,0,1,0,S001,14
07/06/2024,P001,0,1,0,S001,14
08/06/2024,P001,0,1,0,S001,14
09/06/2024,P001,362,0,0,S001,14
10/06/2024,P001,330,0,0,S001,14
11/06/2024,P001,311,0,0,S001,14
12/06/2024,P001,280,0,0,S001,14
13/06/2024,P001,256,0,0,S001,14
14/06/2024,P001,234,0,0,S001,14
15/06/2024,P001,205,0,0,S001,14
16/06/2024,P001,170,0,0,S001,14
17/06/2024,P001,140,0,0,S001,14
18/06/2024,P001,125,0,0,S001,14
19/06/2024,P001,107,0,0,S001,14
20/06/2024,P001,68,0,0,S001,14
21/06/2024,P001,40,0,0,S001,14
22/06/2024,P001,9,0,0,S001,14
23/06/2024,P001,0,1,0,S001,14
24/06/2024,P001,0,1,0,S001,14
25/06/2024,P001,0,1,0,S001,14
26/06/2024,P001,0,1,0,S001,14
27/06/2024,P001,0,1,0,S001,14
28/06/2024,P001,0,1,0,S001,14
29/06/2024,P001,0,1,0,S001,14
30/06/2024,P001,0,1,0,S001,14
01/07/2024,P001,361,0,0,S001,14
02/07/2024,P001,336,0,0,S001,14
03/07/2024,P001,315,0,0,S001,14
04/07/2024,P001,295,0,0,S001,14
05/07/2024,P001,263,0,0,S001,14
06/07/2024,P001,216,0,0,S001,14
07/07/2024,P001,172,0,0,S001,14
08/07/2024,P001,141,0,0,S001,14
09/07/2024,P001,120,0,0,S001,14
10/07/2024,P001,88,0,0,S001,14
11/07/2024,P001,75,0,0,S001,14
12/07/2024,P001,34,0,0,S001,14
13/07/2024,P001,6,0,0,S001,14
14/07/2024,P001,0,1,0,S001,14
15/07/2024,P001,0,1,0,S001,14
16/07/2024,P001,0,1,0,S001,14
17/07/2024,P001,0,1,0,S001,14
18/07/2024,P001,0,1,0,S001,14
19/07/2024,P001,0,1,0,S001,14
20/07/2024,P001,0,1,0,S001,14
21/07/2024,P001,0,1,0,S001,14
22/07/2024,P001,381,0,0,S001,14
23/07/2024,P001,351,0,0,S001,14
24/07/2024,P001,334,0,0,S001,14
25/07/2024,P001,294,0,0,S001,14
26/07/2024,P001,257,0,0,S001,14
27/07/2024,P001,208,0,0,S001,14
28/07/2024,P001,175,0,0,S001,14
29/07/2024,P001,153,0,0,S001,14
30/07/2024,P001,123,0,0,S001,14
31/07/2024,P001,94,0,0,S001,14
01/08/2024,P001,69,0,0,S001,14
02/08/2024,P001,50,0,0,S001,14
03/08/2024,P001,17,0,0,S001,14
04/08/2024,P001,0,1,0,S001,14
05/08/2024,P001,0,1,0,S001,14
06/08/2024,P001,0,1,0,S001,14
07/08/2024,P001,0,1,0,S001,14
08/08/2024,P001,0,1,0,S001,14
09/08/2024,P001,0,1,0,S001,14
10/08/2024,P001,0,1,0,S001,14
11/08/2024,P001,0,1,0,S001,14
12/08/2024,P001,0,1,0,S001,14
13/08/2024,P001,384,0,0,S001,14
14/08/2024,P001,368,0,0,S001,14
15/08/2024,P001,339,0,0,S001,14
16/08/2024,P001,310,0,0,S001,14
17/08/2024,P001,287,0,0,S001,14
18/08/2024,P001,258,0,0,S001,14
19/08/2024,P001,238,0,0,S001,14
20/08/2024,P001,212,0,0,S001,14
21/08/2024,P001,186,0,0,S001,14
22/08/2024,P001,160,0,0,S001,14
23/08/2024,P001,136,0,0,S001,14
24/08/2024,P001,101,0,0,S001,14
25/08/2024,P001,65,0,0,S001,14
26/08/2024,P001,37,0,0,S001,14
27/08/2024,P001,11,0,0,S001,14
28/08/2024,P001,0,1,0,S001,14
29/08/2024,P001,0,1,0,S001,14
30/08/2024,P001,0,1,0,S001,14
31/08/2024,P001,0,1,0,S001,14
01/09/2024,P001,0,1,0,S001,14
02/09/2024,P001,0,1,0,S001,14
03/09/2024,P001,0,1,0,S001,14
04/09/2024,P001,0,1,0,S001,14
05/09/2024,P001,0,1,0,S001,14
06/09/2024,P001,376,0,0,S001,14
07/09/2024,P001,342,0,0,S001,14
08/09/2024,P001,306,0,0,S001,14
09/09/2024,P001,286,0,0,S001,14
10/09/2024,P001,265,0,0,S001,14
11/09/2024,P001,248,0,0,S001,14
12/09/2024,P001,232,0,0,S001,14
13/09/2024,P001,212,0,0,S001,14
14/09/2024,P001,188,0,0,S001,14
15/09/2024,P001,156,0,0,S001,14
16/09/2024,P001,125,0,0,S001,14
17/09/2024,P001,103,0,0,S001,14
18/09/2024,P001,82,0,0,S001,14
19/09/2024,P001,55,0,0,S001,14
20/09/2024,P001,40,0,0,S001,14
21/09/2024,P001,3,0,0,S001,14
22/09/2024,P001,0,1,0,S001,14
23/09/2024,P001,0,1,0,S001,14
24/09/2024,P001,0,1,0,S001,14
25/09/2024,P001,0,1,0,S001,14
26/09/2024,P001,0,1,0,S001,14
27/09/2024,P001,0,1,0,S001,14
28/09/2024,P001,0,1,0,S001,14
29/09/2024,P001,0,1,0,S001,14
30/09/2024,P001,373,0,0,S001,14
01/10/2024,P001,353,0,0,S001,14
02/10/2024,P001,331,0,0,S001,14
03/10/2024,P001,314,0,0,S001,14
04/10/2024,P001,295,0,0,S001,14
05/10/2024,P001,260,0,0,S001,14
06/10/2024,P001,231,0,0,S001,14
07/10/2024,P001,202,0,0,S001,14
08/10/2024,P001,185,0,0,S001,14
09/10/2024,P001,172,0,0,S001,14
10/10/2024,P001,153,0,0,S001,14
11/10/2024,P001,132,0,0,S001,14
12/10/2024,P001,100,0,0,S001,14
13/10/2024,P001,75,0,0,S001,14
14/10/2024,P001,50,0,0,S001,14
15/10/2024,P001,23,0,0,S001,14
16/10/2024,P001,0,1,0,S001,14
17/10/2024,P001,0,1,0,S001,14
18/10/2024,P001,0,1,0,S001,14
19/10/2024,P001,0,1,0,S001,14
20/10/2024,P001,0,1,0,S001,14
21/10/2024,P001,0,1,0,S001,14
22/10/2024,P001,0,1,0,S001,14
23/10/2024,P001,0,1,0,S001,14
24/10/2024,P001,0,1,0,S001,14
25/10/2024,P001,387,0,0,S001,14
26/10/2024,P001,361,0,0,S001,14
27/10/2024,P001,337,0,0,S001,14
28/10/2024,P001,316,0,0,S001,14
29/10/2024,P001,279,0,0,S001,14
30/10/2024,P001,249,0,0,S001,14
31/10/2024,P001,226,0,0,S001,14
01/11/2024,P001,208,0,0,S001,14
02/11/2024,P001,161,0,0,S001,14
03/11/2024,P001,122,0,0,S001,14
04/11/2024,P001,99,0,0,S001,14
05/11/2024,P001,65,0,0,S001,14
06/11/2024,P001,31,0,0,S001,14
07/11/2024,P001,0,1,0,S001,14
08/11/2024,P001,0,1,0,S001,14
09/11/2024,P001,0,1,0,S001,14
10/11/2024,P001,0,1,0,S001,14
11/11/2024,P001,0,1,0,S001,14
12/11/2024,P001,0,1,0,S001,14
13/11/2024,P001,0,1,0,S001,14
14/11/2024,P001,0,1,0,S001,14
15/11/2024,P001,0,1,0,S001,14
16/11/2024,P001,0,1,0,S001,14
17/11/2024,P001,363,0,0,S001,14
18/11/2024,P001,331,0,0,S001,14
19/11/2024,P001,302,0,0,S001,14
20/11/2024,P001,275,0,0,S001,14
21/11/2024,P001,238,0,0,S001,14
22/11/2024,P001,208,0,0,S001,14
23/11/2024,P001,168,0,0,S001,14
24/11/2024,P001,122,0,0,S001,14
25/11/2024,P001,97,0,0,S001,14
26/11/2024,P001,65,0,0,S001,14
27/11/2024,P001,40,0,0,S001,14
28/11/2024,P001,19,0,0,S001,14
29/11/2024,P001,0,1,0,S001,14
30/11/2024,P001,0,1,0,S001,14
01/12/2024,P001,0,1,0,S001,14
02/12/2024,P001,0,1,0,S001,14
03/12/2024,P001,0,1,0,S001,14
04/12/2024,P001,0,1,0,S001,14
05/12/2024,P001,0,1,0,S001,14
06/12/2024,P001,0,1,0,S001,14
07/12/2024,P001,0,1,0,S001,14
08/12/2024,P001,357,0,0,S001,14
09/12/2024,P001,323,0,0,S001,14
10/12/2024,P001,297,0,0,S001,14
11/12/2024,P001,265,0,0,S001,14
12/12/2024,P001,221,0,0,S001,14
13/12/2024,P001,180,0,0,S001,14
14/12/2024,P001,126,0,0,S001,14
15/12/2024,P001,82,0,0,S001,14
16/12/2024,P001,54,0,0,S001,14
17/12/2024,P001,21,0,0,S001,14
18/12/2024,P001,0,1,0,S001,14
19/12/2024,P001,0,1,0,S001,14
20/12/2024,P001,0,1,0,S001,14
21/12/2024,P001,0,1,0,S001,14
22/12/2024,P001,0,1,0,S001,14
23/12/2024,P001,0,1,0,S001,14
24/12/2024,P001,0,1,0,S001,14
25/12/2024,P001,0,1,0,S001,14
26/12/2024,P001,0,1,0,S001,14
27/12/2024,P001,0,1,0,S001,14
28/12/2024,P001,344,0,0,S001,14
29/12/2024,P001,291,0,0,S001,14
30/12/2024,P001,247,0,0,S001,14
01/01/2024,P002,584,0,0,S002,7
02/01/2024,P002,571,0,0,S002,7
03/01/2024,P002,555,0,0,S002,7
04/01/2024,P002,544,0,0,S002,7
05/01/2024,P002,537,0,0,S002,7
06/01/2024,P002,519,0,0,S002,7
07/01/2024,P002,509,0,0,S002,7
08/01/2024,P002,499,0,0,S002,7
09/01/2024,P002,494,0,0,S002,7
10/01/2024,P002,484,0,0,S002,7
11/01/2024,P002,467,0,0,S002,7
12/01/2024,P002,452,0,0,S002,7
13/01/2024,P002,436,0,0,S002,7
14/01/2024,P002,421,0,0,S002,7
15/01/2024,P002,404,0,0,S002,7
16/01/2024,P002,390,0,0,S002,7
17/01/2024,P002,376,0,0,S002,7
18/01/2024,P002,360,0,0,S002,7
19/01/2024,P002,342,0,0,S002,7
20/01/2024,P002,324,0,0,S002,7
21/01/2024,P002,304,0,0,S002,7
22/01/2024,P002,292,0,0,S002,7
23/01/2024,P002,279,0,0,S002,7
24/01/2024,P002,267,0,0,S002,7
25/01/2024,P002,259,0,0,S002,7
26/01/2024,P002,245,0,0,S002,7
27/01/2024,P002,226,0,0,S002,7
28/01/2024,P002,207,0,0,S002,7
29/01/2024,P002,195,0,0,S002,7
30/01/2024,P002,179,0,0,S002,7
31/01/2024,P002,168,0,0,S002,7
01/02/2024,P002,157,0,0,S002,7
02/02/2024,P002,148,0,0,S002,7
03/02/2024,P002,122,0,0,S002,7
04/02/2024,P002,105,0,0,S002,7
05/02/2024,P002,87,0,0,S002,7
06/02/2024,P002,74,0,0,S002,7
07/02/2024,P002,61,0,0,S002,7
08/02/2024,P002,42,0,0,S002,7
09/02/2024,P002,422,0,0,S002,7
10/02/2024,P002,402,0,0,S002,7
11/02/2024,P002,382,0,0,S002,7
12/02/2024,P002,361,0,0,S002,7
13/02/2024,P002,350,0,0,S002,7
14/02/2024,P002,336,0,0,S002,7
15/02/2024,P002,314,0,0,S002,7
16/02/2024,P002,299,0,0,S002,7
17/02/2024,P002,284,0,0,S002,7
18/02/2024,P002,269,0,0,S002,7
19/02/2024,P002,248,0,0,S002,7
20/02/2024,P002,233,0,0,S002,7
21/02/2024,P002,217,0,0,S002,7
22/02/2024,P002,203,0,0,S002,7
23/02/2024,P002,191,0,0,S002,7
24/02/2024,P002,164,0,0,S002,7
25/02/2024,P002,142,0,0,S002,7
26/02/2024,P002,124,0,0,S002,7
27/02/2024,P002,106,0,0,S002,7
28/02/2024,P002,83,0,0,S002,7
29/02/2024,P002,69,0,0,S002,7
01/03/2024,P002,48,0,0,S002,7
02/03/2024,P002,34,0,0,S002,7
03/03/2024,P002,406,0,0,S002,7
04/03/2024,P002,386,0,0,S002,7
05/03/2024,P002,372,0,0,S002,7
06/03/2024,P002,363,0,0,S002,7
07/03/2024,P002,347,0,0,S002,7
08/03/2024,P002,331,0,0,S002,7
09/03/2024,P002,309,0,0,S002,7
10/03/2024,P002,282,0,0,S002,7
11/03/2024,P002,260,0,0,S002,7
12/03/2024,P002,250,0,0,S002,7
13/03/2024,P002,232,0,0,S002,7
14/03/2024,P002,217,0,0,S002,7
15/03/2024,P002,195,0,0,S002,7
16/03/2024,P002,169,0,0,S002,7
17/03/2024,P002,148,0,0,S002,7
18/03/2024,P002,127,0,0,S002,7
19/03/2024,P002,110,0,0,S002,7
20/03/2024,P002,85,0,0,S002,7
21/03/2024,P002,69,0,0,S002,7
22/03/2024,P002,48,0,0,S002,7
23/03/2024,P002,23,0,0,S002,7
24/03/2024,P002,401,0,0,S002,7
25/03/2024,P002,384,0,0,S002,7
26/03/2024,P002,370,0,0,S002,7
27/03/2024,P002,347,0,0,S002,7
28/03/2024,P002,325,0,0,S002,7
29/03/2024,P002,307,0,0,S002,7
30/03/2024,P002,284,0,0,S002,7
31/03/2024,P002,271,0,0,S002,7
01/04/2024,P002,255,0,0,S002,7
02/04/2024,P002,234,0,0,S002,7
03/04/2024,P002,219,0,0,S002,7
04/04/2024,P002,197,0,0,S002,7
05/04/2024,P002,174,0,0,S002,7
06/04/2024,P002,160,0,0,S002,7
07/04/2024,P002,134,0,0,S002,7
08/04/2024,P002,124,0,0,S002,7
09/04/2024,P002,110,0,0,S002,7
10/04/2024,P002,96,0,0,S002,7
11/04/2024,P002,80,0,0,S002,7
12/04/2024,P002,63,0,0,S002,7
13/04/2024,P002,38,0,0,S002,7
14/04/2024,P002,423,0,0,S002,7
15/04/2024,P002,412,0,0,S002,7
16/04/2024,P002,400,0,0,S002,7
17/04/2024,P002,384,0,0,S002,7
18/04/2024,P002,369,0,0,S002,7
19/04/2024,P002,355,0,0,S002,7
20/04/2024,P002,325,0,0,S002,7
21/04/2024,P002,306,0,0,S002,7
22/04/2024,P002,293,0,0,S002,7
23/04/2024,P002,282,0,0,S002,7
24/04/2024,P002,259,0,0,S002,7
25/04/2024,P002,242,0,0,S002,7
26/04/2024,P002,225,0,0,S002,7
27/04/2024,P002,196,0,0,S002,7
28/04/2024,P002,168,0,0,S002,7
29/04/2024,P002,155,0,0,S002,7
30/04/2024,P002,134,0,0,S002,7
01/05/2024,P002,109,0,0,S002,7
02/05/2024,P002,89,0,0,S002,7
03/05/2024,P002,76,0,0,S002,7
04/05/2024,P002,49,0,0,S002,7
05/05/2024,P002,20,0,0,S002,7
06/05/2024,P002,0,1,0,S002,7
07/05/2024,P002,383,0,0,S002,7
08/05/2024,P002,366,0,0,S002,7
09/05/2024,P002,351,0,0,S002,7
10/05/2024,P002,333,0,0,S002,7
11/05/2024,P002,311,0,0,S002,7
12/05/2024,P002,281,0,0,S002,7
13/05/2024,P002,257,0,0,S002,7
14/05/2024,P002,233,0,0,S002,7
15/05/2024,P002,206,0,0,S002,7
16/05/2024,P002,182,0,0,S002,7
17/05/2024,P002,159,0,0,S002,7
18/05/2024,P002,139,0,0,S002,7
19/05/2024,P002,113,0,0,S002,7
20/05/2024,P002,100,0,0,S002,7
21/05/2024,P002,80,0,0,S002,7
22/05/2024,P002,63,0,0,S002,7
23/05/2024,P002,54,0,0,S002,7
24/05/2024,P002,47,0,0,S002,7
25/05/2024,P002,425,0,0,S002,7
26/05/2024,P002,397,0,0,S002,7
27/05/2024,P002,380,0,0,S002,7
28/05/2024,P002,354,0,0,S002,7
29/05/2024,P002,335,0,0,S002,7
30/05/2024,P002,317,0,0,S002,7
31/05/2024,P002,297,0,0,S002,7
01/06/2024,P002,280,0,0,S002,7
02/06/2024,P002,239,0,0,S002,7
03/06/2024,P002,208,0,0,S002,7
04/06/2024,P002,187,0,0,S002,7
05/06/2024,P002,154,0,0,S002,7
06/06/2024,P002,132,0,0,S002,7
07/06/2024,P002,107,0,0,S002,7
08/06/2024,P002,85,0,0,S002,7
09/06/2024,P002,46,0,0,S002,7
10/06/2024,P002,25,0,0,S002,7
11/06/2024,P002,6,0,0,S002,7
12/06/2024,P002,0,1,0,S002,7
13/06/2024,P002,388,0,0,S002,7
14/06/2024,P002,367,0,0,S002,7
15/06/2024,P002,331,0,0,S002,7
16/06/2024,P002,297,0,0,S002,7
17/06/2024,P002,276,0,0,S002,7
18/06/2024,P002,258,0,0,S002,7
19/06/2024,P002,241,0,0,S002,7
20/06/2024,P002,218,0,0,S002,7
21/06/2024,P002,204,0,0,S002,7
22/06/2024,P002,178,0,0,S002,7
23/06/2024,P002,154,0,0,S002,7
24/06/2024,P002,143,0,0,S002,7
25/06/2024,P002,124,0,0,S002,7
26/06/2024,P002,88,0,0,S002,7
27/06/2024,P002,69,0,0,S002,7
28/06/2024,P002,49,0,0,S002,7
29/06/2024,P002,17,0,0,S002,7
30/06/2024,P002,0,1,0,S002,7
01/07/2024,P002,382,0,0,S002,7
02/07/2024,P002,366,0,0,S002,7
03/07/2024,P002,333,0,0,S002,7
04/07/2024,P002,307,0,0,S002,7
05/07/2024,P002,293,0,0,S002,7
06/07/2024,P002,267,0,0,S002,7
07/07/2024,P002,239,0,0,S002,7
08/07/2024,P002,220,0,0,S002,7
09/07/2024,P002,193,0,0,S002,7
10/07/2024,P002,169,0,0,S002,7
11/07/2024,P002,144,0,0,S002,7
12/07/2024,P002,120,0,0,S002,7
13/07/2024,P002,84,0,0,S002,7
14/07/2024,P002,69,0,0,S002,7
15/07/2024,P002,39,0,0,S002,7
16/07/2024,P002,13,0,0,S002,7
17/07/2024,P002,0,1,0,S002,7
18/07/2024,P002,374,0,0,S002,7
19/07/2024,P002,348,0,0,S002,7
20/07/2024,P002,323,0,0,S002,7
21/07/2024,P002,297,0,0,S002,7
22/07/2024,P002,279,0,0,S002,7
23/07/2024,P002,260,0,0,S002,7
24/07/2024,P002,228,0,0,S002,7
25/07/2024,P002,204,0,0,S002,7
26/07/2024,P002,176,0,0,S002,7
27/07/2024,P002,142,0,0,S002,7
28/07/2024,P002,112,0,0,S002,7
29/07/2024,P002,91,0,0,S002,7
30/07/2024,P002,78,0,0,S002,7
31/07/2024,P002,57,0,0,S002,7
01/08/2024,P002,36,0,0,S002,7
02/08/2024,P002,20,0,0,S002,7
03/08/2024,P002,395,0,0,S002,7
04/08/2024,P002,368,0,0,S002,7
05/08/2024,P002,345,0,0,S002,7
06/08/2024,P002,326,0,0,S002,7
07/08/2024,P002,294,0,0,S002,7
08/08/2024,P002,275,0,0,S002,7
09/08/2024,P002,259,0,0,S002,7
10/08/2024,P002,229,0,0,S002,7
11/08/2024,P002,195,0,0,S002,7
12/08/2024,P002,183,0,0,S002,7
13/08/2024,P002,163,0,0,S002,7
14/08/2024,P002,141,0,0,S002,7
15/08/2024,P002,117,0,0,S002,7
16/08/2024,P002,101,0,0,S002,7
17/08/2024,P002,76,0,0,S002,7
18/08/2024,P002,46,0,0,S002,7
19/08/2024,P002,23,0,0,S002,7
20/08/2024,P002,0,1,0,S002,7
21/08/2024,P002,382,0,0,S002,7
22/08/2024,P002,359,0,0,S002,7
23/08/2024,P002,340,0,0,S002,7
24/08/2024,P002,310,0,0,S002,7
25/08/2024,P002,281,0,0,S002,7
26/08/2024,P002,265,0,0,S002,7
27/08/2024,P002,236,0,0,S002,7
28/08/2024,P002,209,0,0,S002,7
29/08/2024,P002,197,0,0,S002,7
30/08/2024,P002,183,0,0,S002,7
31/08/2024,P002,158,0,0,S002,7
01/09/2024,P002,135,0,0,S002,7
02/09/2024,P002,117,0,0,S002,7
03/09/2024,P002,97,0,0,S002,7
04/09/2024,P002,79,0,0,S002,7
05/09/2024,P002,66,0,0,S002,7
06/09/2024,P002,47,0,0,S002,7
07/09/2024,P002,32,0,0,S002,7
08/09/2024,P002,412,0,0,S002,7
09/09/2024,P002,394,0,0,S002,7
10/09/2024,P002,381,0,0,S002,7
11/09/2024,P002,363,0,0,S002,7
12/09/2024,P002,346,0,0,S002,7
13/09/2024,P002,332,0,0,S002,7
14/09/2024,P002,312,0,0,S002,7
15/09/2024,P002,291,0,0,S002,7
16/09/2024,P002,280,0,0,S002,7
17/09/2024,P002,259,0,0,S002,7
18/09/2024,P002,234,0,0,S002,7
19/09/2024,P002,213,0,0,S002,7
20/09/2024,P002,188,0,0,S002,7
21/09/2024,P002,167,0,0,S002,7
22/09/2024,P002,141,0,0,S002,7
23/09/2024,P002,124,0,0,S002,7
24/09/2024,P002,108,0,0,S002,7
25/09/2024,P002,88,0,0,S002,7
26/09/2024,P002,62,0,0,S002,7
27/09/2024,P002,46,0,0,S002,7
28/09/2024,P002,24,0,0,S002,7
29/09/2024,P002,402,0,0,S002,7
30/09/2024,P002,379,0,0,S002,7
01/10/2024,P002,363,0,0,S002,7
02/10/2024,P002,342,0,0,S002,7
03/10/2024,P002,324,0,0,S002,7
04/10/2024,P002,311,0,0,S002,7
05/10/2024,P002,286,0,0,S002,7
06/10/2024,P002,257,0,0,S002,7
07/10/2024,P002,242,0,0,S002,7
08/10/2024,P002,219,0,0,S002,7
09/10/2024,P002,202,0,0,S002,7
10/10/2024,P002,187,0,0,S002,7
11/10/2024,P002,171,0,0,S002,7
12/10/2024,P002,148,0,0,S002,7
13/10/2024,P002,127,0,0,S002,7
14/10/2024,P002,107,0,0,S002,7
15/10/2024,P002,97,0,0,S002,7
16/10/2024,P002,86,0,0,S002,7
17/10/2024,P002,74,0,0,S002,7
18/10/2024,P002,53,0,0,S002,7
19/10/2024,P002,428,0,0,S002,7
20/10/2024,P002,406,0,0,S002,7
21/10/2024,P002,394,0,0,S002,7
22/10/2024,P002,373,0,0,S002,7
23/10/2024,P002,348,0,0,S002,7
24/10/2024,P002,334,0,0,S002,7
25/10/2024,P002,314,0,0,S002,7
26/10/2024,P002,288,0,0,S002,7
27/10/2024,P002,263,0,0,S002,7
28/10/2024,P002,246,0,0,S002,7
29/10/2024,P002,236,0,0,S002,7
30/10/2024,P002,219,0,0,S002,7
31/10/2024,P002,199,0,0,S002,7
01/11/2024,P002,174,0,0,S002,7
02/11/2024,P002,147,0,0,S002,7
03/11/2024,P002,126,0,0,S002,7
04/11/2024,P002,102,0,0,S002,7
05/11/2024,P002,85,0,0,S002,7
06/11/2024,P002,64,0,0,S002,7
07/11/2024,P002,39,0,0,S002,7
08/11/2024,P002,13,0,0,S002,7
09/11/2024,P002,383,0,0,S002,7
10/11/2024,P002,365,0,0,S002,7
11/11/2024,P002,348,0,0,S002,7
12/11/2024,P002,325,0,0,S002,7
13/11/2024,P002,309,0,0,S002,7
14/11/2024,P002,280,0,0,S002,7
15/11/2024,P002,266,0,0,S002,7
16/11/2024,P002,238,0,0,S002,7
17/11/2024,P002,207,0,0,S002,7
18/11/2024,P002,179,0,0,S002,7
19/11/2024,P002,159,0,0,S002,7
20/11/2024,P002,128,0,0,S002,7
21/11/2024,P002,110,0,0,S002,7
22/11/2024,P002,95,0,0,S002,7
23/11/2024,P002,57,0,0,S002,7
24/11/2024,P002,32,0,0,S002,7
25/11/2024,P002,12,0,0,S002,7
26/11/2024,P002,0,1,0,S002,7
27/11/2024,P002,379,0,0,S002,7
28/11/2024,P002,358,0,0,S002,7
29/11/2024,P002,335,0,0,S002,7
30/11/2024,P002,308,0,0,S002,7
01/12/2024,P002,267,0,0,S002,7
02/12/2024,P002,237,0,0,S002,7
03/12/2024,P002,216,0,0,S002,7
04/12/2024,P002,190,0,0,S002,7
05/12/2024,P002,160,0,0,S002,7
06/12/2024,P002,127,0,0,S002,7
07/12/2024,P002,96,0,0,S002,7
08/12/2024,P002,56,0,0,S002,7
09/12/2024,P002,27,0,0,S002,7
10/12/2024,P002,1,0,0,S002,7
11/12/2024,P002,0,1,0,S002,7
12/12/2024,P002,0,1,0,S002,7
13/12/2024,P002,369,0,0,S002,7
14/12/2024,P002,324,0,0,S002,7
15/12/2024,P002,294,0,0,S002,7
16/12/2024,P002,274,0,0,S002,7
17/12/2024,P002,252,0,0,S002,7
18/12/2024,P002,218,0,0,S002,7
19/12/2024,P002,196,0,0,S002,7
20/12/2024,P002,168,0,0,S002,7
21/12/2024,P002,143,0,0,S002,7
22/12/2024,P002,106,0,0,S002,7
23/12/2024,P002,83,0,0,S002,7
24/12/2024,P002,58,0,0,S002,7
25/12/2024,P002,28,0,0,S002,7
26/12/2024,P002,0,1,0,S002,7
27/12/2024,P002,0,1,0,S002,7
28/12/2024,P002,359,0,0,S002,7
29/12/2024,P002,329,0,0,S002,7
30/12/2024,P002,303,0,0,S002,7
01/01/2024,P003,583,0,0,S003,3
02/01/2024,P003,559,0,0,S003,3
03/01/2024,P003,543,0,0,S003,3
04/01/2024,P003,524,0,0,S003,3
05/01/2024,P003,508,0,0,S003,3
06/01/2024,P003,479,0,0,S003,3
07/01/2024,P003,444,0,0,S003,3
08/01/2024,P003,424,0,0,S003,3
09/01/2024,P003,394,0,0,S003,3
10/01/2024,P003,370,0,0,S003,3
11/01/2024,P003,347,0,0,S003,3
12/01/2024,P003,330,0,0,S003,3
13/01/2024,P003,299,0,0,S003,3
14/01/2024,P003,263,0,0,S003,3
15/01/2024,P003,238,0,0,S003,3
16/01/2024,P003,218,0,0,S003,3
17/01/2024,P003,191,0,0,S003,3
18/01/2024,P003,165,0,0,S003,3
19/01/2024,P003,143,0,0,S003,3
20/01/2024,P003,111,0,0,S003,3
21/01/2024,P003,85,0,0,S003,3
22/01/2024,P003,455,0,0,S003,3
23/01/2024,P003,435,0,0,S003,3
24/01/2024,P003,409,0,0,S003,3
25/01/2024,P003,384,0,0,S003,3
26/01/2024,P003,359,0,0,S003,3
27/01/2024,P003,327,0,0,S003,3
28/01/2024,P003,292,0,0,S003,3
29/01/2024,P003,267,0,0,S003,3
30/01/2024,P003,251,0,0,S003,3
31/01/2024,P003,232,0,0,S003,3
01/02/2024,P003,212,0,0,S003,3
02/02/2024,P003,178,0,0,S003,3
03/02/2024,P003,144,0,0,S003,3
04/02/2024,P003,114,0,0,S003,3
05/02/2024,P003,95,0,0,S003,3
06/02/2024,P003,462,0,0,S003,3
07/02/2024,P003,436,0,0,S003,3
08/02/2024,P003,408,0,0,S003,3
09/02/2024,P003,378,0,0,S003,3
10/02/2024,P003,343,0,0,S003,3
11/02/2024,P003,305,0,0,S003,3
12/02/2024,P003,274,0,0,S003,3
13/02/2024,P003,248,0,0,S003,3
14/02/2024,P003,225,0,0,S003,3
15/02/2024,P003,198,0,0,S003,3
16/02/2024,P003,182,0,0,S003,3
17/02/2024,P003,146,0,0,S003,3
18/02/2024,P003,118,0,0,S003,3
19/02/2024,P003,101,0,0,S003,3
20/02/2024,P003,471,0,0,S003,3
21/02/2024,P003,445,0,0,S003,3
22/02/2024,P003,431,0,0,S003,3
23/02/2024,P003,404,0,0,S003,3
24/02/2024,P003,358,0,0,S003,3
25/02/2024,P003,329,0,0,S003,3
26/02/2024,P003,293,0,0,S003,3
27/02/2024,P003,270,0,0,S003,3
28/02/2024,P003,240,0,0,S003,3
29/02/2024,P003,212,0,0,S003,3
01/03/2024,P003,185,0,0,S003,3
02/03/2024,P003,150,0,0,S003,3
03/03/2024,P003,113,0,0,S003,3
04/03/2024,P003,83,0,0,S003,3
05/03/2024,P003,459,0,0,S003,3
06/03/2024,P003,433,0,0,S003,3
07/03/2024,P003,405,0,0,S003,3
08/03/2024,P003,381,0,0,S003,3
09/03/2024,P003,352,0,0,S003,3
10/03/2024,P003,316,0,0,S003,3
11/03/2024,P003,296,0,0,S003,3
12/03/2024,P003,275,0,0,S003,3
13/03/2024,P003,241,0,0,S003,3
14/03/2024,P003,208,0,0,S003,3
15/03/2024,P003,176,0,0,S003,3
16/03/2024,P003,145,0,0,S003,3
17/03/2024,P003,111,0,0,S003,3
18/03/2024,P003,87,0,0,S003,3
19/03/2024,P003,453,0,0,S003,3
20/03/2024,P003,424,0,0,S003,3
21/03/2024,P003,401,0,0,S003,3
22/03/2024,P003,374,0,0,S003,3
23/03/2024,P003,338,0,0,S003,3
24/03/2024,P003,293,0,0,S003,3
25/03/2024,P003,256,0,0,S003,3
26/03/2024,P003,235,0,0,S003,3
27/03/2024,P003,212,0,0,S003,3
28/03/2024,P003,192,0,0,S003,3
29/03/2024,P003,173,0,0,S003,3
30/03/2024,P003,133,0,0,S003,3
31/03/2024,P003,81,0,0,S003,3
01/04/2024,P003,56,0,0,S003,3
02/04/2024,P003,423,0,0,S003,3
03/04/2024,P003,394,0,0,S003,3
04/04/2024,P003,357,0,0,S003,3
05/04/2024,P003,327,0,0,S003,3
06/04/2024,P003,289,0,0,S003,3
07/04/2024,P003,251,0,0,S003,3
08/04/2024,P003,219,0,0,S003,3
09/04/2024,P003,190,0,0,S003,3
10/04/2024,P003,160,0,0,S003,3
11/04/2024,P003,130,0,0,S003,3
12/04/2024,P003,94,0,0,S003,3
13/04/2024,P003,55,0,0,S003,3
14/04/2024,P003,411,0,0,S003,3
15/04/2024,P003,376,0,0,S003,3
16/04/2024,P003,341,0,0,S003,3
17/04/2024,P003,316,0,0,S003,3
18/04/2024,P003,287,0,0,S003,3
19/04/2024,P003,251,0,0,S003,3
20/04/2024,P003,207,0,0,S003,3
21/04/2024,P003,164,0,0,S003,3
22/04/2024,P003,136,0,0,S003,3
23/04/2024,P003,106,0,0,S003,3
24/04/2024,P003,86,0,0,S003,3
25/04/2024,P003,461,0,0,S003,3
26/04/2024,P003,433,0,0,S003,3
27/04/2024,P003,394,0,0,S003,3
28/04/2024,P003,355,0,0,S003,3
29/04/2024,P003,332,0,0,S003,3
30/04/2024,P003,297,0,0,S003,3
01/05/2024,P003,265,0,0,S003,3
02/05/2024,P003,236,0,0,S003,3
03/05/2024,P003,201,0,0,S003,3
04/05/2024,P003,162,0,0,S003,3
05/05/2024,P003,126,0,0,S003,3
06/05/2024,P003,105,0,0,S003,3
07/05/2024,P003,58,0,0,S003,3
08/05/2024,P003,426,0,0,S003,3
09/05/2024,P003,386,0,0,S003,3
10/05/2024,P003,354,0,0,S003,3
11/05/2024,P003,306,0,0,S003,3
12/05/2024,P003,270,0,0,S003,3
13/05/2024,P003,246,0,0,S003,3
14/05/2024,P003,212,0,0,S003,3
15/05/2024,P003,176,0,0,S003,3
16/05/2024,P003,153,0,0,S003,3
17/05/2024,P003,125,0,0,S003,3
18/05/2024,P003,85,0,0,S003,3
19/05/2024,P003,51,0,0,S003,3
20/05/2024,P003,411,0,0,S003,3
21/05/2024,P003,381,0,0,S003,3
22/05/2024,P003,348,0,0,S003,3
23/05/2024,P003,319,0,0,S003,3
24/05/2024,P003,290,0,0,S003,3
25/05/2024,P003,241,0,0,S003,3
26/05/2024,P003,204,0,0,S003,3
27/05/2024,P003,174,0,0,S003,3
28/05/2024,P003,135,0,0,S003,3
29/05/2024,P003,117,0,0,S003,3
30/05/2024,P003,89,0,0,S003,3
31/05/2024,P003,454,0,0,S003,3
01/06/2024,P003,413,0,0,S003,3
02/06/2024,P003,386,0,0,S003,3
03/06/2024,P003,343,0,0,S003,3
04/06/2024,P003,302,0,0,S003,3
05/06/2024,P003,270,0,0,S003,3
06/06/2024,P003,241,0,0,S003,3
07/06/2024,P003,201,0,0,S003,3
08/06/2024,P003,158,0,0,S003,3
09/06/2024,P003,123,0,0,S003,3
10/06/2024,P003,78,0,0,S003,3
11/06/2024,P003,48,0,0,S003,3
12/06/2024,P003,409,0,0,S003,3
13/06/2024,P003,383,0,0,S003,3
14/06/2024,P003,345,0,0,S003,3
15/06/2024,P003,290,0,0,S003,3
16/06/2024,P003,246,0,0,S003,3
17/06/2024,P003,206,0,0,S003,3
18/06/2024,P003,171,0,0,S003,3
19/06/2024,P003,140,0,0,S003,3
20/06/2024,P003,108,0,0,S003,3
21/06/2024,P003,71,0,0,S003,3
22/06/2024,P003,418,0,0,S003,3
23/06/2024,P003,370,0,0,S003,3
24/06/2024,P003,335,0,0,S003,3
25/06/2024,P003,299,0,0,S003,3
26/06/2024,P003,259,0,0,S003,3
27/06/2024,P003,228,0,0,S003,3
28/06/2024,P003,194,0,0,S003,3
29/06/2024,P003,157,0,0,S003,3
30/06/2024,P003,103,0,0,S003,3
01/07/2024,P003,64,0,0,S003,3
02/07/2024,P003,34,0,0,S003,3
03/07/2024,P003,405,0,0,S003,3
04/07/2024,P003,372,0,0,S003,3
05/07/2024,P003,333,0,0,S003,3
06/07/2024,P003,292,0,0,S003,3
07/07/2024,P003,263,0,0,S003,3
08/07/2024,P003,228,0,0,S003,3
09/07/2024,P003,203,0,0,S003,3
10/07/2024,P003,164,0,0,S003,3
11/07/2024,P003,130,0,0,S003,3
12/07/2024,P003,87,0,0,S003,3
13/07/2024,P003,42,0,0,S003,3
14/07/2024,P003,393,0,0,S003,3
15/07/2024,P003,353,0,0,S003,3
16/07/2024,P003,320,0,0,S003,3
17/07/2024,P003,278,0,0,S003,3
18/07/2024,P003,244,0,0,S003,3
19/07/2024,P003,206,0,0,S003,3
20/07/2024,P003,161,0,0,S003,3
21/07/2024,P003,111,0,0,S003,3
22/07/2024,P003,75,0,0,S003,3
23/07/2024,P003,43,0,0,S003,3
24/07/2024,P003,417,0,0,S003,3
25/07/2024,P003,379,0,0,S003,3
26/07/2024,P003,342,0,0,S003,3
27/07/2024,P003,306,0,0,S003,3
28/07/2024,P003,265,0,0,S003,3
29/07/2024,P003,227,0,0,S003,3
30/07/2024,P003,181,0,0,S003,3
31/07/2024,P003,150,0,0,S003,3
01/08/2024,P003,124,0,0,S003,3
02/08/2024,P003,86,0,0,S003,3
03/08/2024,P003,435,0,0,S003,3
04/08/2024,P003,382,0,0,S003,3
05/08/2024,P003,356,0,0,S003,3
06/08/2024,P003,327,0,0,S003,3
07/08/2024,P003,292,0,0,S003,3
08/08/2024,P003,255,0,0,S003,3
09/08/2024,P003,212,0,0,S003,3
10/08/2024,P003,167,0,0,S003,3
11/08/2024,P003,134,0,0,S003,3
12/08/2024,P003,94,0,0,S003,3
13/08/2024,P003,57,0,0,S003,3
14/08/2024,P003,418,0,0,S003,3
15/08/2024,P003,381,0,0,S003,3
16/08/2024,P003,351,0,0,S003,3
17/08/2024,P003,303,0,0,S003,3
18/08/2024,P003,256,0,0,S003,3
19/08/2024,P003,223,0,0,S003,3
20/08/2024,P003,180,0,0,S003,3
21/08/2024,P003,160,0,0,S003,3
22/08/2024,P003,123,0,0,S003,3
23/08/2024,P003,87,0,0,S003,3
24/08/2024,P003,57,0,0,S003,3
25/08/2024,P003,420,0,0,S003,3
26/08/2024,P003,380,0,0,S003,3
27/08/2024,P003,344,0,0,S003,3
28/08/2024,P003,315,0,0,S003,3
29/08/2024,P003,269,0,0,S003,3
30/08/2024,P003,236,0,0,S003,3
31/08/2024,P003,204,0,0,S003,3
01/09/2024,P003,164,0,0,S003,3
02/09/2024,P003,135,0,0,S003,3
03/09/2024,P003,98,0,0,S003,3
04/09/2024,P003,62,0,0,S003,3
05/09/2024,P003,431,0,0,S003,3
06/09/2024,P003,405,0,0,S003,3
07/09/2024,P003,359,0,0,S003,3
08/09/2024,P003,312,0,0,S003,3
09/09/2024,P003,296,0,0,S003,3
10/09/2024,P003,267,0,0,S003,3
11/09/2024,P003,228,0,0,S003,3
12/09/2024,P003,206,0,0,S003,3
13/09/2024,P003,175,0,0,S003,3
14/09/2024,P003,133,0,0,S003,3
15/09/2024,P003,105,0,0,S003,3
16/09/2024,P003,74,0,0,S003,3
17/09/2024,P003,443,0,0,S003,3
18/09/2024,P003,410,0,0,S003,3
19/09/2024,P003,384,0,0,S003,3
20/09/2024,P003,350,0,0,S003,3
21/09/2024,P003,320,0,0,S003,3
22/09/2024,P003,290,0,0,S003,3
23/09/2024,P003,258,0,0,S003,3
24/09/2024,P003,237,0,0,S003,3
25/09/2024,P003,209,0,0,S003,3
26/09/2024,P003,189,0,0,S003,3
27/09/2024,P003,156,0,0,S003,3
28/09/2024,P003,108,0,0,S003,3
29/09/2024,P003,68,0,0,S003,3
30/09/2024,P003,40,0,0,S003,3
01/10/2024,P003,413,0,0,S003,3
02/10/2024,P003,388,0,0,S003,3
03/10/2024,P003,348,0,0,S003,3
04/10/2024,P003,318,0,0,S003,3
05/10/2024,P003,273,0,0,S003,3
06/10/2024,P003,238,0,0,S003,3
07/10/2024,P003,219,0,0,S003,3
08/10/2024,P003,194,0,0,S003,3
09/10/2024,P003,168,0,0,S003,3
10/10/2024,P003,130,0,0,S003,3
11/10/2024,P003,93,0,0,S003,3
12/10/2024,P003,51,0,0,S003,3
13/10/2024,P003,420,0,0,S003,3
14/10/2024,P003,392,0,0,S003,3
15/10/2024,P003,359,0,0,S003,3
16/10/2024,P003,329,0,0,S003,3
17/10/2024,P003,300,0,0,S003,3
18/10/2024,P003,257,0,0,S003,3
19/10/2024,P003,224,0,0,S003,3
20/10/2024,P003,182,0,0,S003,3
21/10/2024,P003,159,0,0,S003,3
22/10/2024,P003,131,0,0,S003,3
23/10/2024,P003,96,0,0,S003,3
24/10/2024,P003,50,0,0,S003,3
25/10/2024,P003,423,0,0,S003,3
26/10/2024,P003,376,0,0,S003,3
27/10/2024,P003,325,0,0,S003,3
28/10/2024,P003,294,0,0,S003,3
29/10/2024,P003,262,0,0,S003,3
30/10/2024,P003,232,0,0,S003,3
31/10/2024,P003,203,0,0,S003,3
01/11/2024,P003,163,0,0,S003,3
02/11/2024,P003,121,0,0,S003,3
03/11/2024,P003,68,0,0,S003,3
04/11/2024,P003,17,0,0,S003,3
05/11/2024,P003,375,0,0,S003,3
06/11/2024,P003,335,0,0,S003,3
07/11/2024,P003,294,0,0,S003,3
08/11/2024,P003,256,0,0,S003,3
09/11/2024,P003,197,0,0,S003,3
10/11/2024,P003,164,0,0,S003,3
11/11/2024,P003,125,0,0,S003,3
12/11/2024,P003,93,0,0,S003,3
13/11/2024,P003,48,0,0,S003,3
14/11/2024,P003,411,0,0,S003,3
15/11/2024,P003,380,0,0,S003,3
16/11/2024,P003,330,0,0,S003,3
17/11/2024,P003,274,0,0,S003,3
18/11/2024,P003,233,0,0,S003,3
19/11/2024,P003,181,0,0,S003,3
20/11/2024,P003,141,0,0,S003,3
21/11/2024,P003,108,0,0,S003,3
22/11/2024,P003,69,0,0,S003,3
23/11/2024,P003,417,0,0,S003,3
24/11/2024,P003,357,0,0,S003,3
25/11/2024,P003,313,0,0,S003,3
26/11/2024,P003,278,0,0,S003,3
27/11/2024,P003,230,0,0,S003,3
28/11/2024,P003,183,0,0,S003,3
29/11/2024,P003,148,0,0,S003,3
30/11/2024,P003,107,0,0,S003,3
01/12/2024,P003,35,0,0,S003,3
02/12/2024,P003,383,0,0,S003,3
03/12/2024,P003,325,0,0,S003,3
04/12/2024,P003,277,0,0,S003,3
05/12/2024,P003,231,0,0,S003,3
06/12/2024,P003,187,0,0,S003,3
07/12/2024,P003,140,0,0,S003,3
08/12/2024,P003,89,0,0,S003,3
09/12/2024,P003,32,0,0,S003,3
10/12/2024,P003,386,0,0,S003,3
11/12/2024,P003,345,0,0,S003,3
12/12/2024,P003,281,0,0,S003,3
13/12/2024,P003,240,0,0,S003,3
14/12/2024,P003,177,0,0,S003,3
15/12/2024,P003,123,0,0,S003,3
16/12/2024,P003,77,0,0,S003,3
17/12/2024,P003,32,0,0,S003,3
18/12/2024,P003,388,0,0,S003,3
19/12/2024,P003,346,0,0,S003,3
20/12/2024,P003,305,0,0,S003,3
21/12/2024,P003,249,0,0,S003,3
22/12/2024,P003,191,0,0,S003,3
23/12/2024,P003,131,0,0,S003,3
24/12/2024,P003,89,0,0,S003,3
25/12/2024,P003,34,0,0,S003,3
26/12/2024,P003,401,0,0,S003,3
27/12/2024,P003,360,0,0,S003,3
28/12/2024,P003,299,0,0,S003,3
29/12/2024,P003,234,0,0,S003,3
30/12/2024,P003,184,0,0,S003,3
01/01/2024,P004,588,0,0,S001,14
02/01/2024,P004,579,0,0,S001,14
03/01/2024,P004,570,0,0,S001,14
04/01/2024,P004,560,0,0,S001,14
05/01/2024,P004,548,0,0,S001,14
06/01/2024,P004,534,0,0,S001,14
07/01/2024,P004,523,0,0,S001,14
08/01/2024,P004,510,0,0,S001,14
09/01/2024,P004,503,0,0,S001,14
10/01/2024,P004,495,0,0,S001,14
11/01/2024,P004,479,0,0,S001,14
12/01/2024,P004,466,0,0,S001,14
13/01/2024,P004,451,0,0,S001,14
14/01/2024,P004,441,0,0,S001,14
15/01/2024,P004,425,0,0,S001,14
16/01/2024,P004,414,0,0,S001,14
17/01/2024,P004,403,0,0,S001,14
18/01/2024,P004,391,0,0,S001,14
19/01/2024,P004,380,0,0,S001,14
20/01/2024,P004,372,0,0,S001,14
21/01/2024,P004,360,0,0,S001,14
22/01/2024,P004,341,0,0,S001,14
23/01/2024,P004,334,0,0,S001,14
24/01/2024,P004,328,0,0,S001,14
25/01/2024,P004,318,0,0,S001,14
26/01/2024,P004,305,0,0,S001,14
27/01/2024,P004,293,0,0,S001,14
28/01/2024,P004,279,0,0,S001,14
29/01/2024,P004,265,0,0,S001,14
30/01/2024,P004,255,0,0,S001,14
31/01/2024,P004,248,0,0,S001,14
01/02/2024,P004,239,0,0,S001,14
02/02/2024,P004,229,0,0,S001,14
03/02/2024,P004,213,0,0,S001,14
04/02/2024,P004,191,0,0,S001,14
05/02/2024,P004,180,0,0,S001,14
06/02/2024,P004,167,0,0,S001,14
07/02/2024,P004,159,0,0,S001,14
08/02/2024,P004,145,0,0,S001,14
09/02/2024,P004,136,0,0,S001,14
10/02/2024,P004,111,0,0,S001,14
11/02/2024,P004,97,0,0,S001,14
12/02/2024,P004,80,0,0,S001,14
13/02/2024,P004,61,0,0,S001,14
14/02/2024,P004,49,0,0,S001,14
15/02/2024,P004,41,0,0,S001,14
16/02/2024,P004,29,0,0,S001,14
17/02/2024,P004,16,0,0,S001,14
18/02/2024,P004,3,0,0,S001,14
19/02/2024,P004,0,1,0,S001,14
20/02/2024,P004,0,1,0,S001,14
21/02/2024,P004,0,1,0,S001,14
22/02/2024,P004,385,0,0,S001,14
23/02/2024,P004,369,0,0,S001,14
24/02/2024,P004,357,0,0,S001,14
25/02/2024,P004,332,0,0,S001,14
26/02/2024,P004,321,0,0,S001,14
27/02/2024,P004,305,0,0,S001,14
28/02/2024,P004,293,0,0,S001,14
29/02/2024,P004,286,0,0,S001,14
01/03/2024,P004,270,0,0,S001,14
02/03/2024,P004,249,0,0,S001,14
03/03/2024,P004,226,0,0,S001,14
04/03/2024,P004,216,0,0,S001,14
05/03/2024,P004,201,0,0,S001,14
06/03/2024,P004,184,0,0,S001,14
07/03/2024,P004,166,0,0,S001,14
08/03/2024,P004,153,0,0,S001,14
09/03/2024,P004,135,0,0,S001,14
10/03/2024,P004,124,0,0,S001,14
11/03/2024,P004,110,0,0,S001,14
12/03/2024,P004,94,0,0,S001,14
13/03/2024,P004,76,0,0,S001,14
14/03/2024,P004,62,0,0,S001,14
15/03/2024,P004,50,0,0,S001,14
16/03/2024,P004,18,0,0,S001,14
17/03/2024,P004,4,0,0,S001,14
18/03/2024,P004,0,1,0,S001,14
19/03/2024,P004,0,1,0,S001,14
20/03/2024,P004,0,1,0,S001,14
21/03/2024,P004,0,1,0,S001,14
22/03/2024,P004,0,1,0,S001,14
23/03/2024,P004,383,0,0,S001,14
24/03/2024,P004,365,0,0,S001,14
25/03/2024,P004,344,0,0,S001,14
26/03/2024,P004,328,0,0,S001,14
27/03/2024,P004,315,0,0,S001,14
28/03/2024,P004,299,0,0,S001,14
29/03/2024,P004,279,0,0,S001,14
30/03/2024,P004,263,0,0,S001,14
31/03/2024,P004,242,0,0,S001,14
01/04/2024,P004,220,0,0,S001,14
02/04/2024,P004,207,0,0,S001,14
03/04/2024,P004,192,0,0,S001,14
04/04/2024,P004,179,0,0,S001,14
05/04/2024,P004,161,0,0,S001,14
06/04/2024,P004,141,0,0,S001,14
07/04/2024,P004,125,0,0,S001,14
08/04/2024,P004,109,0,0,S001,14
09/04/2024,P004,94,0,0,S001,14
10/04/2024,P004,79,0,0,S001,14
11/04/2024,P004,65,0,0,S001,14
12/04/2024,P004,44,0,0,S001,14
13/04/2024,P004,21,0,0,S001,14
14/04/2024,P004,4,0,0,S001,14
15/04/2024,P004,0,1,0,S001,14
16/04/2024,P004,0,1,0,S001,14
17/04/2024,P004,0,1,0,S001,14
18/04/2024,P004,0,1,0,S001,14
19/04/2024,P004,0,1,0,S001,14
20/04/2024,P004,381,0,0,S001,14
21/04/2024,P004,366,0,0,S001,14
22/04/2024,P004,350,0,0,S001,14
23/04/2024,P004,334,0,0,S001,14
24/04/2024,P004,321,0,0,S001,14
25/04/2024,P004,299,0,0,S001,14
26/04/2024,P004,283,0,0,S001,14
27/04/2024,P004,255,0,0,S001,14
28/04/2024,P004,243,0,0,S001,14
29/04/2024,P004,235,0,0,S001,14
30/04/2024,P004,220,0,0,S001,14
01/05/2024,P004,213,0,0,S001,14
02/05/2024,P004,202,0,0,S001,14
03/05/2024,P004,184,0,0,S001,14
04/05/2024,P004,163,0,0,S001,14
05/05/2024,P004,145,0,0,S001,14
06/05/2024,P004,123,0,0,S001,14
07/05/2024,P004,107,0,0,S001,14
08/05/2024,P004,89,0,0,S001,14
09/05/2024,P004,78,0,0,S001,14
10/05/2024,P004,57,0,0,S001,14
11/05/2024,P004,39,0,0,S001,14
12/05/2024,P004,21,0,0,S001,14
13/05/2024,P004,7,0,0,S001,14
14/05/2024,P004,0,1,0,S001,14
15/05/2024,P004,0,1,0,S001,14
16/05/2024,P004,0,1,0,S001,14
17/05/2024,P004,0,1,0,S001,14
18/05/2024,P004,0,1,0,S001,14
19/05/2024,P004,383,0,0,S001,14
20/05/2024,P004,366,0,0,S001,14
21/05/2024,P004,349,0,0,S001,14
22/05/2024,P004,333,0,0,S001,14
23/05/2024,P004,321,0,0,S001,14
24/05/2024,P004,304,0,0,S001,14
25/05/2024,P004,290,0,0,S001,14
26/05/2024,P004,280,0,0,S001,14
27/05/2024,P004,272,0,0,S001,14
28/05/2024,P004,264,0,0,S001,14
29/05/2024,P004,248,0,0,S001,14
30/05/2024,P004,229,0,0,S001,14
31/05/2024,P004,218,0,0,S001,14
01/06/2024,P004,194,0,0,S001,14
02/06/2024,P004,173,0,0,S001,14
03/06/2024,P004,157,0,0,S001,14
04/06/2024,P004,142,0,0,S001,14
05/06/2024,P004,130,0,0,S001,14
06/06/2024,P004,112,0,0,S001,14
07/06/2024,P004,100,0,0,S001,14
08/06/2024,P004,78,0,0,S001,14
09/06/2024,P004,57,0,0,S001,14
10/06/2024,P004,40,0,0,S001,14
11/06/2024,P004,13,0,0,S001,14
12/06/2024,P004,0,1,0,S001,14
13/06/2024,P004,0,1,0,S001,14
14/06/2024,P004,0,1,0,S001,14
15/06/2024,P004,0,1,0,S001,14
16/06/2024,P004,0,1,0,S001,14
17/06/2024,P004,0,1,0,S001,14
18/06/2024,P004,386,0,0,S001,14
19/06/2024,P004,363,0,0,S001,14
20/06/2024,P004,343,0,0,S001,14
21/06/2024,P004,326,0,0,S001,14
22/06/2024,P004,301,0,0,S001,14
23/06/2024,P004,281,0,0,S001,14
24/06/2024,P004,259,0,0,S001,14
25/06/2024,P004,242,0,0,S001,14
26/06/2024,P004,228,0,0,S001,14
27/06/2024,P004,211,0,0,S001,14
28/06/2024,P004,201,0,0,S001,14
29/06/2024,P004,177,0,0,S001,14
30/06/2024,P004,164,0,0,S001,14
01/07/2024,P004,149,0,0,S001,14
02/07/2024,P004,134,0,0,S001,14
03/07/2024,P004,113,0,0,S001,14
04/07/2024,P004,99,0,0,S001,14
05/07/2024,P004,84,0,0,S001,14
06/07/2024,P004,63,0,0,S001,14
07/07/2024,P004,38,0,0,S001,14
08/07/2024,P004,20,0,0,S001,14
09/07/2024,P004,0,1,0,S001,14
10/07/2024,P004,0,1,0,S001,14
11/07/2024,P004,0,1,0,S001,14
12/07/2024,P004,0,1,0,S001,14
13/07/2024,P004,0,1,0,S001,14
14/07/2024,P004,0,1,0,S001,14
15/07/2024,P004,0,1,0,S001,14
16/07/2024,P004,0,1,0,S001,14
17/07/2024,P004,0,1,0,S001,14
18/07/2024,P004,0,1,0,S001,14
19/07/2024,P004,0,1,0,S001,14
20/07/2024,P004,0,1,0,S001,14
21/07/2024,P004,375,0,0,S001,14
22/07/2024,P004,344,0,0,S001,14
23/07/2024,P004,326,0,0,S001,14
24/07/2024,P004,306,0,0,S001,14
25/07/2024,P004,291,0,0,S001,14
26/07/2024,P004,271,0,0,S001,14
27/07/2024,P004,249,0,0,S001,14
28/07/2024,P004,233,0,0,S001,14
29/07/2024,P004,215,0,0,S001,14
30/07/2024,P004,197,0,0,S001,14
31/07/2024,P004,180,0,0,S001,14
01/08/2024,P004,164,0,0,S001,14
02/08/2024,P004,150,0,0,S001,14
03/08/2024,P004,130,0,0,S001,14
04/08/2024,P004,104,0,0,S001,14
05/08/2024,P004,84,0,0,S001,14
06/08/2024,P004,65,0,0,S001,14
07/08/2024,P004,49,0,0,S001,14
08/08/2024,P004,38,0,0,S001,14
09/08/2024,P004,21,0,0,S001,14
10/08/2024,P004,0,1,0,S001,14
11/08/2024,P004,0,1,0,S001,14
12/08/2024,P004,0,1,0,S001,14
13/08/2024,P004,0,1,0,S001,14
14/08/2024,P004,0,1,0,S001,14
15/08/2024,P004,0,1,0,S001,14
16/08/2024,P004,384,0,0,S001,14
17/08/2024,P004,365,0,0,S001,14
18/08/2024,P004,340,0,0,S001,14
19/08/2024,P004,326,0,0,S001,14
20/08/2024,P004,311,0,0,S001,14
21/08/2024,P004,299,0,0,S001,14
22/08/2024,P004,280,0,0,S001,14
23/08/2024,P004,255,0,0,S001,14
24/08/2024,P004,230,0,0,S001,14
25/08/2024,P004,206,0,0,S001,14
26/08/2024,P004,188,0,0,S001,14
27/08/2024,P004,180,0,0,S001,14
28/08/2024,P004,157,0,0,S001,14
29/08/2024,P004,141,0,0,S001,14
30/08/2024,P004,120,0,0,S001,14
31/08/2024,P004,93,0,0,S001,14
01/09/2024,P004,79,0,0,S001,14
02/09/2024,P004,60,0,0,S001,14
03/09/2024,P004,45,0,0,S001,14
04/09/2024,P004,25,0,0,S001,14
05/09/2024,P004,8,0,0,S001,14
06/09/2024,P004,0,1,0,S001,14
07/09/2024,P004,0,1,0,S001,14
08/09/2024,P004,0,1,0,S001,14
09/09/2024,P004,0,1,0,S001,14
10/09/2024,P004,0,1,0,S001,14
11/09/2024,P004,0,1,0,S001,14
12/09/2024,P004,388,0,0,S001,14
13/09/2024,P004,374,0,0,S001,14
14/09/2024,P004,358,0,0,S001,14
15/09/2024,P004,342,0,0,S001,14
16/09/2024,P004,316,0,0,S001,14
17/09/2024,P004,309,0,0,S001,14
18/09/2024,P004,298,0,0,S001,14
19/09/2024,P004,285,0,0,S001,14
20/09/2024,P004,263,0,0,S001,14
21/09/2024,P004,244,0,0,S001,14
22/09/2024,P004,224,0,0,S001,14
23/09/2024,P004,208,0,0,S001,14
24/09/2024,P004,193,0,0,S001,14
25/09/2024,P004,177,0,0,S001,14
26/09/2024,P004,161,0,0,S001,14
27/09/2024,P004,153,0,0,S001,14
28/09/2024,P004,137,0,0,S001,14
29/09/2024,P004,119,0,0,S001,14
30/09/2024,P004,107,0,0,S001,14
01/10/2024,P004,93,0,0,S001,14
02/10/2024,P004,81,0,0,S001,14
03/10/2024,P004,67,0,0,S001,14
04/10/2024,P004,53,0,0,S001,14
05/10/2024,P004,25,0,0,S001,14
06/10/2024,P004,0,1,0,S001,14
07/10/2024,P004,0,1,0,S001,14
08/10/2024,P004,0,1,0,S001,14
09/10/2024,P004,0,1,0,S001,14
10/10/2024,P004,0,1,0,S001,14
11/10/2024,P004,0,1,0,S001,14
12/10/2024,P004,377,0,0,S001,14
13/10/2024,P004,351,0,0,S001,14
14/10/2024,P004,339,0,0,S001,14
15/10/2024,P004,325,0,0,S001,14
16/10/2024,P004,314,0,0,S001,14
17/10/2024,P004,299,0,0,S001,14
18/10/2024,P004,287,0,0,S001,14
19/10/2024,P004,265,0,0,S001,14
20/10/2024,P004,252,0,0,S001,14
21/10/2024,P004,236,0,0,S001,14
22/10/2024,P004,219,0,0,S001,14
23/10/2024,P004,207,0,0,S001,14
24/10/2024,P004,192,0,0,S001,14
25/10/2024,P004,172,0,0,S001,14
26/10/2024,P004,148,0,0,S001,14
27/10/2024,P004,130,0,0,S001,14
28/10/2024,P004,107,0,0,S001,14
29/10/2024,P004,92,0,0,S001,14
30/10/2024,P004,68,0,0,S001,14
31/10/2024,P004,54,0,0,S001,14
01/11/2024,P004,30,0,0,S001,14
02/11/2024,P004,3,0,0,S001,14
03/11/2024,P004,0,1,0,S001,14
04/11/2024,P004,0,1,0,S001,14
05/11/2024,P004,0,1,0,S001,14
06/11/2024,P004,0,1,0,S001,14
07/11/2024,P004,0,1,0,S001,14
08/11/2024,P004,0,1,0,S001,14
09/11/2024,P004,375,0,0,S001,14
10/11/2024,P004,349,0,0,S001,14
11/11/2024,P004,335,0,0,S001,14
12/11/2024,P004,305,0,0,S001,14
13/11/2024,P004,285,0,0,S001,14
14/11/2024,P004,261,0,0,S001,14
15/11/2024,P004,241,0,0,S001,14
16/11/2024,P004,218,0,0,S001,14
17/11/2024,P004,195,0,0,S001,14
18/11/2024,P004,181,0,0,S001,14
19/11/2024,P004,162,0,0,S001,14
20/11/2024,P004,141,0,0,S001,14
21/11/2024,P004,124,0,0,S001,14
22/11/2024,P004,108,0,0,S001,14
23/11/2024,P004,86,0,0,S001,14
24/11/2024,P004,58,0,0,S001,14
25/11/2024,P004,26,0,0,S001,14
26/11/2024,P004,5,0,0,S001,14
27/11/2024,P004,0,1,0,S001,14
28/11/2024,P004,0,1,0,S001,14
29/11/2024,P004,0,1,0,S001,14
30/11/2024,P004,0,1,0,S001,14
01/12/2024,P004,0,1,0,S001,14
02/12/2024,P004,0,1,0,S001,14
03/12/2024,P004,0,1,0,S001,14
04/12/2024,P004,369,0,0,S001,14
05/12/2024,P004,350,0,0,S001,14
06/12/2024,P004,318,0,0,S001,14
07/12/2024,P004,277,0,0,S001,14
08/12/2024,P004,258,0,0,S001,14
09/12/2024,P004,230,0,0,S001,14
10/12/2024,P004,201,0,0,S001,14
11/12/2024,P004,180,0,0,S001,14
12/12/2024,P004,159,0,0,S001,14
13/12/2024,P004,134,0,0,S001,14
14/12/2024,P004,108,0,0,S001,14
15/12/2024,P004,77,0,0,S001,14
16/12/2024,P004,42,0,0,S001,14
17/12/2024,P004,20,0,0,S001,14
18/12/2024,P004,0,1,0,S001,14
19/12/2024,P004,0,1,0,S001,14
20/12/2024,P004,0,1,0,S001,14
21/12/2024,P004,0,1,0,S001,14
22/12/2024,P004,0,1,0,S001,14
23/12/2024,P004,0,1,0,S001,14
24/12/2024,P004,0,1,0,S001,14
25/12/2024,P004,0,1,0,S001,14
26/12/2024,P004,0,1,0,S001,14
27/12/2024,P004,372,0,0,S001,14
28/12/2024,P004,346,0,0,S001,14
29/12/2024,P004,314,0,0,S001,14
30/12/2024,P004,290,0,0,S001,14
01/01/2024,P005,595,0,0,S002,7
02/01/2024,P005,588,0,0,S002,7
03/01/2024,P005,578,0,0,S002,7
04/01/2024,P005,571,0,0,S002,7
05/01/2024,P005,564,0,0,S002,7
06/01/2024,P005,557,0,0,S002,7
07/01/2024,P005,548,0,0,S002,7
08/01/2024,P005,542,0,0,S002,7
09/01/2024,P005,532,0,0,S002,7
10/01/2024,P005,526,0,0,S002,7
11/01/2024,P005,518,0,0,S002,7
12/01/2024,P005,509,0,0,S002,7
13/01/2024,P005,503,0,0,S002,7
14/01/2024,P005,490,0,0,S002,7
15/01/2024,P005,486,0,0,S002,7
16/01/2024,P005,482,0,0,S002,7
17/01/2024,P005,476,0,0,S002,7
18/01/2024,P005,472,0,0,S002,7
19/01/2024,P005,467,0,0,S002,7
20/01/2024,P005,455,0,0,S002,7
21/01/2024,P005,437,0,0,S002,7
22/01/2024,P005,428,0,0,S002,7
23/01/2024,P005,424,0,0,S002,7
24/01/2024,P005,419,0,0,S002,7
25/01/2024,P005,414,0,0,S002,7
26/01/2024,P005,406,0,0,S002,7
27/01/2024,P005,395,0,0,S002,7
28/01/2024,P005,381,0,0,S002,7
29/01/2024,P005,375,0,0,S002,7
30/01/2024,P005,363,0,0,S002,7
31/01/2024,P005,357,0,0,S002,7
01/02/2024,P005,351,0,0,S002,7
02/02/2024,P005,342,0,0,S002,7
03/02/2024,P005,334,0,0,S002,7
04/02/2024,P005,323,0,0,S002,7
05/02/2024,P005,316,0,0,S002,7
06/02/2024,P005,304,0,0,S002,7
07/02/2024,P005,298,0,0,S002,7
08/02/2024,P005,289,0,0,S002,7
09/02/2024,P005,276,0,0,S002,7
10/02/2024,P005,267,0,0,S002,7
11/02/2024,P005,253,0,0,S002,7
12/02/2024,P005,243,0,0,S002,7
13/02/2024,P005,229,0,0,S002,7
14/02/2024,P005,221,0,0,S002,7
15/02/2024,P005,213,0,0,S002,7
16/02/2024,P005,204,0,0,S002,7
17/02/2024,P005,191,0,0,S002,7
18/02/2024,P005,181,0,0,S002,7
19/02/2024,P005,170,0,0,S002,7
20/02/2024,P005,163,0,0,S002,7
21/02/2024,P005,156,0,0,S002,7
22/02/2024,P005,145,0,0,S002,7
23/02/2024,P005,135,0,0,S002,7
24/02/2024,P005,120,0,0,S002,7
25/02/2024,P005,113,0,0,S002,7
26/02/2024,P005,109,0,0,S002,7
27/02/2024,P005,103,0,0,S002,7
28/02/2024,P005,93,0,0,S002,7
29/02/2024,P005,481,0,0,S002,7
01/03/2024,P005,472,0,0,S002,7
02/03/2024,P005,466,0,0,S002,7
03/03/2024,P005,452,0,0,S002,7
04/03/2024,P005,444,0,0,S002,7
05/03/2024,P005,434,0,0,S002,7
06/03/2024,P005,430,0,0,S002,7
07/03/2024,P005,421,0,0,S002,7
08/03/2024,P005,410,0,0,S002,7
09/03/2024,P005,398,0,0,S002,7
10/03/2024,P005,386,0,0,S002,7
11/03/2024,P005,381,0,0,S002,7
12/03/2024,P005,376,0,0,S002,7
13/03/2024,P005,367,0,0,S002,7
14/03/2024,P005,359,0,0,S002,7
15/03/2024,P005,346,0,0,S002,7
16/03/2024,P005,329,0,0,S002,7
17/03/2024,P005,306,0,0,S002,7
18/03/2024,P005,298,0,0,S002,7
19/03/2024,P005,293,0,0,S002,7
20/03/2024,P005,284,0,0,S002,7
21/03/2024,P005,273,0,0,S002,7
22/03/2024,P005,266,0,0,S002,7
23/03/2024,P005,260,0,0,S002,7
24/03/2024,P005,249,0,0,S002,7
25/03/2024,P005,240,0,0,S002,7
26/03/2024,P005,231,0,0,S002,7
27/03/2024,P005,220,0,0,S002,7
28/03/2024,P005,207,0,0,S002,7
29/03/2024,P005,202,0,0,S002,7
30/03/2024,P005,188,0,0,S002,7
31/03/2024,P005,175,0,0,S002,7
01/04/2024,P005,161,0,0,S002,7
02/04/2024,P005,152,0,0,S002,7
03/04/2024,P005,138,0,0,S002,7
04/04/2024,P005,129,0,0,S002,7
05/04/2024,P005,119,0,0,S002,7
06/04/2024,P005,111,0,0,S002,7
07/04/2024,P005,103,0,0,S002,7
08/04/2024,P005,94,0,0,S002,7
09/04/2024,P005,87,0,0,S002,7
10/04/2024,P005,473,0,0,S002,7
11/04/2024,P005,456,0,0,S002,7
12/04/2024,P005,445,0,0,S002,7
13/04/2024,P005,430,0,0,S002,7
14/04/2024,P005,414,0,0,S002,7
15/04/2024,P005,401,0,0,S002,7
16/04/2024,P005,390,0,0,S002,7
17/04/2024,P005,383,0,0,S002,7
18/04/2024,P005,367,0,0,S002,7
19/04/2024,P005,357,0,0,S002,7
20/04/2024,P005,347,0,0,S002,7
21/04/2024,P005,331,0,0,S002,7
22/04/2024,P005,322,0,0,S002,7
23/04/2024,P005,311,0,0,S002,7
24/04/2024,P005,301,0,0,S002,7
25/04/2024,P005,292,0,0,S002,7
26/04/2024,P005,283,0,0,S002,7
27/04/2024,P005,271,0,0,S002,7
28/04/2024,P005,258,0,0,S002,7
29/04/2024,P005,250,0,0,S002,7
30/04/2024,P005,244,0,0,S002,7
01/05/2024,P005,236,0,0,S002,7
02/05/2024,P005,228,0,0,S002,7
03/05/2024,P005,223,0,0,S002,7
04/05/2024,P005,209,0,0,S002,7
05/05/2024,P005,195,0,0,S002,7
06/05/2024,P005,185,0,0,S002,7
07/05/2024,P005,171,0,0,S002,7
08/05/2024,P005,162,0,0,S002,7
09/05/2024,P005,150,0,0,S002,7
10/05/2024,P005,137,0,0,S002,7
11/05/2024,P005,119,0,0,S002,7
12/05/2024,P005,102,0,0,S002,7
13/05/2024,P005,98,0,0,S002,7
14/05/2024,P005,91,0,0,S002,7
15/05/2024,P005,80,0,0,S002,7
16/05/2024,P005,465,0,0,S002,7
17/05/2024,P005,459,0,0,S002,7
18/05/2024,P005,448,0,0,S002,7
19/05/2024,P005,434,0,0,S002,7
20/05/2024,P005,424,0,0,S002,7
21/05/2024,P005,411,0,0,S002,7
22/05/2024,P005,407,0,0,S002,7
23/05/2024,P005,399,0,0,S002,7
24/05/2024,P005,390,0,0,S002,7
25/05/2024,P005,378,0,0,S002,7
26/05/2024,P005,362,0,0,S002,7
27/05/2024,P005,350,0,0,S002,7
28/05/2024,P005,344,0,0,S002,7
29/05/2024,P005,331,0,0,S002,7
30/05/2024,P005,321,0,0,S002,7
31/05/2024,P005,312,0,0,S002,7
01/06/2024,P005,298,0,0,S002,7
02/06/2024,P005,284,0,0,S002,7
03/06/2024,P005,274,0,0,S002,7
04/06/2024,P005,266,0,0,S002,7
05/06/2024,P005,253,0,0,S002,7
06/06/2024,P005,239,0,0,S002,7
07/06/2024,P005,223,0,0,S002,7
08/06/2024,P005,209,0,0,S002,7
09/06/2024,P005,188,0,0,S002,7
10/06/2024,P005,174,0,0,S002,7
11/06/2024,P005,159,0,0,S002,7
12/06/2024,P005,148,0,0,S002,7
13/06/2024,P005,129,0,0,S002,7
14/06/2024,P005,120,0,0,S002,7
15/06/2024,P005,104,0,0,S002,7
16/06/2024,P005,87,0,0,S002,7
17/06/2024,P005,80,0,0,S002,7
18/06/2024,P005,66,0,0,S002,7
19/06/2024,P005,449,0,0,S002,7
20/06/2024,P005,441,0,0,S002,7
21/06/2024,P005,430,0,0,S002,7
22/06/2024,P005,410,0,0,S002,7
23/06/2024,P005,396,0,0,S002,7
24/06/2024,P005,386,0,0,S002,7
25/06/2024,P005,377,0,0,S002,7
26/06/2024,P005,368,0,0,S002,7
27/06/2024,P005,359,0,0,S002,7
28/06/2024,P005,351,0,0,S002,7
29/06/2024,P005,334,0,0,S002,7
30/06/2024,P005,320,0,0,S002,7
01/07/2024,P005,308,0,0,S002,7
02/07/2024,P005,295,0,0,S002,7
03/07/2024,P005,282,0,0,S002,7
04/07/2024,P005,273,0,0,S002,7
05/07/2024,P005,262,0,0,S002,7
06/07/2024,P005,250,0,0,S002,7
07/07/2024,P005,234,0,0,S002,7
08/07/2024,P005,225,0,0,S002,7
09/07/2024,P005,214,0,0,S002,7
10/07/2024,P005,204,0,0,S002,7
11/07/2024,P005,194,0,0,S002,7
12/07/2024,P005,180,0,0,S002,7
13/07/2024,P005,164,0,0,S002,7
14/07/2024,P005,154,0,0,S002,7
15/07/2024,P005,140,0,0,S002,7
16/07/2024,P005,128,0,0,S002,7
17/07/2024,P005,116,0,0,S002,7
18/07/2024,P005,106,0,0,S002,7
19/07/2024,P005,96,0,0,S002,7
20/07/2024,P005,81,0,0,S002,7
21/07/2024,P005,66,0,0,S002,7
22/07/2024,P005,455,0,0,S002,7
23/07/2024,P005,445,0,0,S002,7
24/07/2024,P005,436,0,0,S002,7
25/07/2024,P005,429,0,0,S002,7
26/07/2024,P005,420,0,0,S002,7
27/07/2024,P005,405,0,0,S002,7
28/07/2024,P005,393,0,0,S002,7
29/07/2024,P005,380,0,0,S002,7
30/07/2024,P005,369,0,0,S002,7
31/07/2024,P005,359,0,0,S002,7
01/08/2024,P005,350,0,0,S002,7
02/08/2024,P005,341,0,0,S002,7
03/08/2024,P005,321,0,0,S002,7
04/08/2024,P005,305,0,0,S002,7
05/08/2024,P005,298,0,0,S002,7
06/08/2024,P005,293,0,0,S002,7
07/08/2024,P005,279,0,0,S002,7
08/08/2024,P005,272,0,0,S002,7
09/08/2024,P005,267,0,0,S002,7
10/08/2024,P005,248,0,0,S002,7
11/08/2024,P005,228,0,0,S002,7
12/08/2024,P005,218,0,0,S002,7
13/08/2024,P005,204,0,0,S002,7
14/08/2024,P005,191,0,0,S002,7
15/08/2024,P005,184,0,0,S002,7
16/08/2024,P005,172,0,0,S002,7
17/08/2024,P005,156,0,0,S002,7
18/08/2024,P005,138,0,0,S002,7
19/08/2024,P005,122,0,0,S002,7
20/08/2024,P005,107,0,0,S002,7
21/08/2024,P005,97,0,0,S002,7
22/08/2024,P005,85,0,0,S002,7
23/08/2024,P005,73,0,0,S002,7
24/08/2024,P005,63,0,0,S002,7
25/08/2024,P005,46,0,0,S002,7
26/08/2024,P005,36,0,0,S002,7
27/08/2024,P005,425,0,0,S002,7
28/08/2024,P005,411,0,0,S002,7
29/08/2024,P005,403,0,0,S002,7
30/08/2024,P005,394,0,0,S002,7
31/08/2024,P005,381,0,0,S002,7
01/09/2024,P005,368,0,0,S002,7
02/09/2024,P005,359,0,0,S002,7
03/09/2024,P005,350,0,0,S002,7
04/09/2024,P005,342,0,0,S002,7
05/09/2024,P005,332,0,0,S002,7
06/09/2024,P005,326,0,0,S002,7
07/09/2024,P005,316,0,0,S002,7
08/09/2024,P005,307,0,0,S002,7
09/09/2024,P005,292,0,0,S002,7
10/09/2024,P005,286,0,0,S002,7
11/09/2024,P005,277,0,0,S002,7
12/09/2024,P005,268,0,0,S002,7
13/09/2024,P005,258,0,0,S002,7
14/09/2024,P005,236,0,0,S002,7
15/09/2024,P005,227,0,0,S002,7
16/09/2024,P005,217,0,0,S002,7
17/09/2024,P005,210,0,0,S002,7
18/09/2024,P005,202,0,0,S002,7
19/09/2024,P005,193,0,0,S002,7
20/09/2024,P005,182,0,0,S002,7
21/09/2024,P005,176,0,0,S002,7
22/09/2024,P005,156,0,0,S002,7
23/09/2024,P005,146,0,0,S002,7
24/09/2024,P005,139,0,0,S002,7
25/09/2024,P005,135,0,0,S002,7
26/09/2024,P005,124,0,0,S002,7
27/09/2024,P005,117,0,0,S002,7
28/09/2024,P005,107,0,0,S002,7
29/09/2024,P005,90,0,0,S002,7
30/09/2024,P005,480,0,0,S002,7
01/10/2024,P005,471,0,0,S002,7
02/10/2024,P005,460,0,0,S002,7
03/10/2024,P005,449,0,0,S002,7
04/10/2024,P005,438,0,0,S002,7
05/10/2024,P005,424,0,0,S002,7
06/10/2024,P005,411,0,0,S002,7
07/10/2024,P005,402,0,0,S002,7
08/10/2024,P005,392,0,0,S002,7
09/10/2024,P005,377,0,0,S002,7
10/10/2024,P005,370,0,0,S002,7
11/10/2024,P005,362,0,0,S002,7
12/10/2024,P005,348,0,0,S002,7
13/10/2024,P005,332,0,0,S002,7
14/10/2024,P005,324,0,0,S002,7
15/10/2024,P005,308,0,0,S002,7
16/10/2024,P005,297,0,0,S002,7
17/10/2024,P005,284,0,0,S002,7
18/10/2024,P005,272,0,0,S002,7
19/10/2024,P005,260,0,0,S002,7
20/10/2024,P005,248,0,0,S002,7
21/10/2024,P005,234,0,0,S002,7
22/10/2024,P005,223,0,0,S002,7
23/10/2024,P005,215,0,0,S002,7
24/10/2024,P005,204,0,0,S002,7
25/10/2024,P005,194,0,0,S002,7
26/10/2024,P005,179,0,0,S002,7
27/10/2024,P005,162,0,0,S002,7
28/10/2024,P005,156,0,0,S002,7
29/10/2024,P005,147,0,0,S002,7
30/10/2024,P005,129,0,0,S002,7
31/10/2024,P005,116,0,0,S002,7
01/11/2024,P005,109,0,0,S002,7
02/11/2024,P005,84,0,0,S002,7
03/11/2024,P005,59,0,0,S002,7
04/11/2024,P005,38,0,0,S002,7
05/11/2024,P005,428,0,0,S002,7
06/11/2024,P005,414,0,0,S002,7
07/11/2024,P005,400,0,0,S002,7
08/11/2024,P005,388,0,0,S002,7
09/11/2024,P005,379,0,0,S002,7
10/11/2024,P005,357,0,0,S002,7
11/11/2024,P005,343,0,0,S002,7
12/11/2024,P005,327,0,0,S002,7
13/11/2024,P005,308,0,0,S002,7
14/11/2024,P005,292,0,0,S002,7
15/11/2024,P005,284,0,0,S002,7
16/11/2024,P005,266,0,0,S002,7
17/11/2024,P005,248,0,0,S002,7
18/11/2024,P005,236,0,0,S002,7
19/11/2024,P005,222,0,0,S002,7
20/11/2024,P005,210,0,0,S002,7
21/11/2024,P005,196,0,0,S002,7
22/11/2024,P005,179,0,0,S002,7
23/11/2024,P005,171,0,0,S002,7
24/11/2024,P005,151,0,0,S002,7
25/11/2024,P005,143,0,0,S002,7
26/11/2024,P005,133,0,0,S002,7
27/11/2024,P005,127,0,0,S002,7
28/11/2024,P005,112,0,0,S002,7
29/11/2024,P005,91,0,0,S002,7
30/11/2024,P005,77,0,0,S002,7
01/12/2024,P005,56,0,0,S002,7
02/12/2024,P005,438,0,0,S002,7
03/12/2024,P005,425,0,0,S002,7
04/12/2024,P005,409,0,0,S002,7
05/12/2024,P005,391,0,0,S002,7
06/12/2024,P005,383,0,0,S002,7
07/12/2024,P005,369,0,0,S002,7
08/12/2024,P005,344,0,0,S002,7
09/12/2024,P005,331,0,0,S002,7
10/12/2024,P005,311,0,0,S002,7
11/12/2024,P005,297,0,0,S002,7
12/12/2024,P005,283,0,0,S002,7
13/12/2024,P005,258,0,0,S002,7
14/12/2024,P005,240,0,0,S002,7
15/12/2024,P005,216,0,0,S002,7
16/12/2024,P005,210,0,0,S002,7
17/12/2024,P005,198,0,0,S002,7
18/12/2024,P005,187,0,0,S002,7
19/12/2024,P005,169,0,0,S002,7
20/12/2024,P005,151,0,0,S002,7
21/12/2024,P005,133,0,0,S002,7
22/12/2024,P005,112,0,0,S002,7
23/12/2024,P005,93,0,0,S002,7
24/12/2024,P005,78,0,0,S002,7
25/12/2024,P005,64,0,0,S002,7
26/12/2024,P005,45,0,0,S002,7
27/12/2024,P005,30,0,0,S002,7
28/12/2024,P005,413,0,0,S002,7
29/12/2024,P005,390,0,0,S002,7
30/12/2024,P005,376,0,0,S002,7
